season,team_id,game_id,"streak_before == ""3+""",n
2022,3,401391655,TRUE,3
2022,3,401391664,TRUE,10
2022,3,401391670,TRUE,4
2022,3,401391674,TRUE,1
2022,3,401391679,TRUE,5
2022,3,401391684,TRUE,5
2022,3,401391688,TRUE,6
2022,3,401391693,TRUE,5
2022,3,401391704,TRUE,6
2022,3,401391711,TRUE,3
2022,3,401391715,TRUE,6
2022,3,401391724,TRUE,6
2022,3,401391729,TRUE,5
2022,3,401391734,TRUE,1
2022,3,401391739,TRUE,5
2022,3,401391744,TRUE,5
2022,3,401391746,TRUE,3
2022,3,401391751,TRUE,4
2022,3,401391756,TRUE,8
2022,3,401391769,TRUE,9
2022,3,401391779,TRUE,1
2022,3,401391786,TRUE,2
2022,3,401391793,TRUE,6
2022,3,401391798,TRUE,3
2022,3,401391811,TRUE,7
2022,3,401391815,TRUE,10
2022,3,401391820,TRUE,5
2022,3,401391825,TRUE,8
2022,3,401391834,TRUE,4
2022,3,401391839,TRUE,6
2022,3,401391842,TRUE,2
2022,3,401391848,TRUE,7
2022,3,401391852,TRUE,4
2022,3,401391859,TRUE,2
2022,3,401391865,TRUE,23
2022,3,401455629,TRUE,4
2022,3,401455653,TRUE,9
2022,3,401455659,TRUE,1
2022,5,401391650,TRUE,3
2022,5,401391656,TRUE,4
2022,5,401391660,TRUE,8
2022,5,401391666,TRUE,7
2022,5,401391671,TRUE,8
2022,5,401391673,TRUE,3
2022,5,401391680,TRUE,11
2022,5,401391685,TRUE,3
2022,5,401391690,TRUE,7
2022,5,401391694,TRUE,5
2022,5,401391701,TRUE,5
2022,5,401391706,TRUE,9
2022,5,401391713,TRUE,3
2022,5,401391720,TRUE,3
2022,5,401391723,TRUE,3
2022,5,401391731,TRUE,8
2022,5,401391736,TRUE,5
2022,5,401391742,TRUE,9
2022,5,401391751,TRUE,1
2022,5,401391761,TRUE,4
2022,5,401391766,TRUE,3
2022,5,401391778,TRUE,4
2022,5,401391783,TRUE,4
2022,5,401391791,TRUE,8
2022,5,401391796,TRUE,7
2022,5,401391802,TRUE,1
2022,5,401391805,TRUE,6
2022,5,401391809,TRUE,5
2022,5,401391815,TRUE,7
2022,5,401391822,TRUE,3
2022,5,401391835,TRUE,4
2022,5,401391842,TRUE,8
2022,5,401391856,TRUE,2
2022,5,401391862,TRUE,7
2022,6,401391651,TRUE,5
2022,6,401391656,TRUE,6
2022,6,401391661,TRUE,3
2022,6,401391668,TRUE,4
2022,6,401391676,TRUE,4
2022,6,401391682,TRUE,6
2022,6,401391687,TRUE,4
2022,6,401391692,TRUE,11
2022,6,401391694,TRUE,9
2022,6,401391700,TRUE,5
2022,6,401391704,TRUE,12
2022,6,401391716,TRUE,6
2022,6,401391727,TRUE,4
2022,6,401391744,TRUE,3
2022,6,401391749,TRUE,7
2022,6,401391754,TRUE,3
2022,6,401391757,TRUE,10
2022,6,401391762,TRUE,6
2022,6,401391769,TRUE,6
2022,6,401391776,TRUE,4
2022,6,401391777,TRUE,6
2022,6,401391785,TRUE,4
2022,6,401391790,TRUE,5
2022,6,401391795,TRUE,3
2022,6,401391805,TRUE,6
2022,6,401391808,TRUE,10
2022,6,401391814,TRUE,5
2022,6,401391821,TRUE,4
2022,6,401391830,TRUE,1
2022,6,401391832,TRUE,3
2022,6,401391836,TRUE,8
2022,6,401391840,TRUE,5
2022,6,401391845,TRUE,5
2022,6,401391851,TRUE,6
2022,6,401391855,TRUE,2
2022,6,401391865,TRUE,5
2022,8,401391653,TRUE,3
2022,8,401391658,TRUE,1
2022,8,401391660,TRUE,6
2022,8,401391669,TRUE,5
2022,8,401391676,TRUE,4
2022,8,401391678,TRUE,4
2022,8,401391684,TRUE,4
2022,8,401391691,TRUE,4
2022,8,401391700,TRUE,4
2022,8,401391705,TRUE,8
2022,8,401391712,TRUE,8
2022,8,401391718,TRUE,2
2022,8,401391731,TRUE,8
2022,8,401391733,TRUE,7
2022,8,401391745,TRUE,6
2022,8,401391748,TRUE,4
2022,8,401391752,TRUE,11
2022,8,401391760,TRUE,8
2022,8,401391764,TRUE,5
2022,8,401391770,TRUE,6
2022,8,401391775,TRUE,11
2022,8,401391780,TRUE,6
2022,8,401391789,TRUE,8
2022,8,401391793,TRUE,6
2022,8,401391796,TRUE,7
2022,8,401391800,TRUE,4
2022,8,401391810,TRUE,8
2022,8,401391817,TRUE,3
2022,8,401391818,TRUE,10
2022,8,401391830,TRUE,10
2022,8,401391837,TRUE,6
2022,8,401391847,TRUE,5
2022,8,401391853,TRUE,5
2022,8,401391858,TRUE,3
2022,8,401391860,TRUE,5
2022,9,401391654,TRUE,3
2022,9,401391662,TRUE,5
2022,9,401391666,TRUE,4
2022,9,401391670,TRUE,4
2022,9,401391672,TRUE,1
2022,9,401391691,TRUE,6
2022,9,401391695,TRUE,3
2022,9,401391699,TRUE,2
2022,9,401391706,TRUE,3
2022,9,401391708,TRUE,1
2022,9,401391712,TRUE,5
2022,9,401391718,TRUE,12
2022,9,401391723,TRUE,11
2022,9,401391728,TRUE,6
2022,9,401391737,TRUE,2
2022,9,401391741,TRUE,6
2022,9,401391750,TRUE,8
2022,9,401391755,TRUE,10
2022,9,401391768,TRUE,6
2022,9,401391776,TRUE,4
2022,9,401391782,TRUE,12
2022,9,401391784,TRUE,2
2022,9,401391787,TRUE,10
2022,9,401391792,TRUE,1
2022,9,401391803,TRUE,2
2022,9,401391807,TRUE,5
2022,9,401391813,TRUE,2
2022,9,401391823,TRUE,5
2022,9,401391827,TRUE,5
2022,9,401391832,TRUE,9
2022,9,401391836,TRUE,2
2022,9,401391843,TRUE,3
2022,9,401391848,TRUE,5
2022,9,401391852,TRUE,11
2022,9,401391857,TRUE,6
2022,9,401391861,TRUE,9
2022,9,401455627,TRUE,9
2022,9,401455651,TRUE,1
2022,9,401455657,TRUE,3
2022,11,401391652,TRUE,8
2022,11,401391663,TRUE,7
2022,11,401391667,TRUE,4
2022,11,401391675,TRUE,7
2022,11,401391679,TRUE,5
2022,11,401391683,TRUE,3
2022,11,401391692,TRUE,12
2022,11,401391698,TRUE,1
2022,11,401391702,TRUE,7
2022,11,401391710,TRUE,5
2022,11,401391716,TRUE,2
2022,11,401391726,TRUE,4
2022,11,401391730,TRUE,7
2022,11,401391732,TRUE,2
2022,11,401391736,TRUE,9
2022,11,401391739,TRUE,6
2022,11,401391748,TRUE,1
2022,11,401391752,TRUE,9
2022,11,401391756,TRUE,6
2022,11,401391761,TRUE,3
2022,11,401391766,TRUE,10
2022,11,401391772,TRUE,4
2022,11,401391777,TRUE,4
2022,11,401391784,TRUE,3
2022,11,401391789,TRUE,7
2022,11,401391794,TRUE,4
2022,11,401391801,TRUE,3
2022,11,401391812,TRUE,6
2022,11,401391821,TRUE,6
2022,11,401391827,TRUE,3
2022,11,401391831,TRUE,3
2022,11,401391838,TRUE,3
2022,11,401391843,TRUE,1
2022,11,401391853,TRUE,1
2022,11,401391859,TRUE,15
2022,11,401391863,TRUE,6
2022,11,401455628,TRUE,2
2022,11,401455652,TRUE,12
2022,14,401391653,TRUE,7
2022,14,401391657,TRUE,2
2022,14,401391663,TRUE,4
2022,14,401391667,TRUE,1
2022,14,401391677,TRUE,3
2022,14,401391682,TRUE,4
2022,14,401391695,TRUE,5
2022,14,401391699,TRUE,8
2022,14,401391711,TRUE,1
2022,14,401391717,TRUE,10
2022,14,401391719,TRUE,3
2022,14,401391724,TRUE,6
2022,14,401391729,TRUE,6
2022,14,401391733,TRUE,3
2022,14,401391738,TRUE,3
2022,14,401391741,TRUE,1
2022,14,401391753,TRUE,7
2022,14,401391757,TRUE,5
2022,14,401391767,TRUE,4
2022,14,401391771,TRUE,4
2022,14,401391778,TRUE,6
2022,14,401391785,TRUE,19
2022,14,401391786,TRUE,7
2022,14,401391802,TRUE,2
2022,14,401391806,TRUE,4
2022,14,401391812,TRUE,3
2022,14,401391816,TRUE,3
2022,14,401391819,TRUE,7
2022,14,401391824,TRUE,4
2022,14,401391829,TRUE,4
2022,14,401391837,TRUE,11
2022,14,401391846,TRUE,5
2022,14,401391849,TRUE,14
2022,14,401391858,TRUE,9
2022,14,401391864,TRUE,8
2022,14,401455650,TRUE,12
2022,14,401455654,TRUE,9
2022,14,401455660,TRUE,4
2022,14,401455674,TRUE,6
2022,14,401455676,TRUE,10
2022,14,401455678,TRUE,6
2022,16,401391650,TRUE,8
2022,16,401391658,TRUE,3
2022,16,401391659,TRUE,9
2022,16,401391664,TRUE,12
2022,16,401391674,TRUE,8
2022,16,401391681,TRUE,4
2022,16,401391686,TRUE,2
2022,16,401391689,TRUE,5
2022,16,401391697,TRUE,6
2022,16,401391701,TRUE,9
2022,16,401391708,TRUE,5
2022,16,401391714,TRUE,10
2022,16,401391721,TRUE,6
2022,16,401391725,TRUE,4
2022,16,401391730,TRUE,5
2022,16,401391732,TRUE,4
2022,16,401391737,TRUE,1
2022,16,401391743,TRUE,9
2022,16,401391749,TRUE,2
2022,16,401391753,TRUE,1
2022,16,401391758,TRUE,6
2022,16,401391763,TRUE,4
2022,16,401391773,TRUE,3
2022,16,401391781,TRUE,9
2022,16,401391790,TRUE,13
2022,16,401391794,TRUE,1
2022,16,401391800,TRUE,3
2022,16,401391807,TRUE,5
2022,16,401391820,TRUE,13
2022,16,401391824,TRUE,6
2022,16,401391829,TRUE,4
2022,16,401391833,TRUE,3
2022,16,401391841,TRUE,5
2022,16,401391845,TRUE,3
2022,16,401391856,TRUE,3
2022,16,401391862,TRUE,8
2022,16,401455650,TRUE,4
2022,16,401455654,TRUE,5
2022,17,401391652,TRUE,10
2022,17,401391657,TRUE,4
2022,17,401391659,TRUE,4
2022,17,401391665,TRUE,7
2022,17,401391675,TRUE,4
2022,17,401391678,TRUE,8
2022,17,401391683,TRUE,4
2022,17,401391687,TRUE,12
2022,17,401391696,TRUE,2
2022,17,401391703,TRUE,5
2022,17,401391707,TRUE,6
2022,17,401391715,TRUE,10
2022,17,401391727,TRUE,9
2022,17,401391734,TRUE,5
2022,17,401391745,TRUE,7
2022,17,401391747,TRUE,6
2022,17,401391758,TRUE,2
2022,17,401391762,TRUE,5
2022,17,401391767,TRUE,4
2022,17,401391770,TRUE,7
2022,17,401391775,TRUE,4
2022,17,401391782,TRUE,11
2022,17,401391787,TRUE,6
2022,17,401391792,TRUE,14
2022,17,401391799,TRUE,7
2022,17,401391804,TRUE,2
2022,17,401391809,TRUE,8
2022,17,401391814,TRUE,5
2022,17,401391822,TRUE,11
2022,17,401391828,TRUE,14
2022,17,401391833,TRUE,3
2022,17,401391839,TRUE,3
2022,17,401391846,TRUE,2
2022,17,401391850,TRUE,8
2022,17,401391854,TRUE,4
2022,17,401391864,TRUE,11
2022,17,401430112,TRUE,7
2022,17,401455628,TRUE,5
2022,17,401455652,TRUE,19
2022,17,401455660,TRUE,4
2022,17,401455674,TRUE,1
2022,17,401455676,TRUE,9
2022,17,401455678,TRUE,8
2022,17,401455681,TRUE,4
2022,17,401455682,TRUE,5
2022,17,401455683,TRUE,7
2022,17,401455684,TRUE,5
2022,18,401391654,TRUE,4
2022,18,401391668,TRUE,6
2022,18,401391672,TRUE,7
2022,18,401391680,TRUE,4
2022,18,401391685,TRUE,13
2022,18,401391688,TRUE,1
2022,18,401391693,TRUE,5
2022,18,401391697,TRUE,6
2022,18,401391703,TRUE,6
2022,18,401391707,TRUE,14
2022,18,401391710,TRUE,10
2022,18,401391717,TRUE,7
2022,18,401391720,TRUE,6
2022,18,401391722,TRUE,8
2022,18,401391735,TRUE,11
2022,18,401391738,TRUE,7
2022,18,401391743,TRUE,1
2022,18,401391750,TRUE,4
2022,18,401391759,TRUE,2
2022,18,401391765,TRUE,3
2022,18,401391773,TRUE,3
2022,18,401391779,TRUE,5
2022,18,401391791,TRUE,8
2022,18,401391797,TRUE,5
2022,18,401391799,TRUE,4
2022,18,401391803,TRUE,4
2022,18,401391810,TRUE,14
2022,18,401391817,TRUE,8
2022,18,401391819,TRUE,7
2022,18,401391826,TRUE,7
2022,18,401391831,TRUE,13
2022,18,401391838,TRUE,1
2022,18,401391844,TRUE,4
2022,18,401391851,TRUE,12
2022,18,401391855,TRUE,11
2022,18,401391860,TRUE,8
2022,18,401455629,TRUE,10
2022,18,401455653,TRUE,6
2022,18,401455659,TRUE,6
2022,18,401455661,TRUE,2
2022,18,401455671,TRUE,3
2022,18,401455675,TRUE,4
2022,18,401455677,TRUE,8
2022,18,401455679,TRUE,6
2022,18,401455681,TRUE,3
2022,18,401455682,TRUE,8
2022,18,401455683,TRUE,14
2022,18,401455684,TRUE,6
2022,19,401391651,TRUE,10
2022,19,401391662,TRUE,7
2022,19,401391669,TRUE,4
2022,19,401391677,TRUE,4
2022,19,401391686,TRUE,6
2022,19,401391690,TRUE,9
2022,19,401391696,TRUE,2
2022,19,401391702,TRUE,2
2022,19,401391709,TRUE,4
2022,19,401391714,TRUE,7
2022,19,401391721,TRUE,8
2022,19,401391722,TRUE,7
2022,19,401391728,TRUE,4
2022,19,401391740,TRUE,4
2022,19,401391742,TRUE,11
2022,19,401391747,TRUE,17
2022,19,401391754,TRUE,6
2022,19,401391760,TRUE,7
2022,19,401391765,TRUE,13
2022,19,401391772,TRUE,12
2022,19,401391780,TRUE,4
2022,19,401391783,TRUE,10
2022,19,401391788,TRUE,8
2022,19,401391795,TRUE,6
2022,19,401391798,TRUE,9
2022,19,401391806,TRUE,4
2022,19,401391811,TRUE,9
2022,19,401391813,TRUE,1
2022,19,401391823,TRUE,5
2022,19,401391826,TRUE,7
2022,19,401391834,TRUE,9
2022,19,401391841,TRUE,11
2022,19,401391844,TRUE,12
2022,19,401391849,TRUE,9
2022,19,401391854,TRUE,7
2022,19,401391863,TRUE,6
2022,19,401430112,TRUE,5
2022,19,401455627,TRUE,6
2022,19,401455651,TRUE,9
2022,19,401455657,TRUE,5
2022,19,401455661,TRUE,1
2022,19,401455671,TRUE,9
2022,19,401455675,TRUE,1
2022,19,401455677,TRUE,7
2022,19,401455679,TRUE,1
2022,20,401391655,TRUE,2
2022,20,401391661,TRUE,1
2022,20,401391665,TRUE,3
2022,20,401391671,TRUE,6
2022,20,401391673,TRUE,9
2022,20,401391681,TRUE,5
2022,20,401391689,TRUE,3
2022,20,401391698,TRUE,3
2022,20,401391705,TRUE,8
2022,20,401391709,TRUE,2
2022,20,401391713,TRUE,8
2022,20,401391719,TRUE,2
2022,20,401391726,TRUE,9
2022,20,401391735,TRUE,8
2022,20,401391740,TRUE,7
2022,20,401391746,TRUE,3
2022,20,401391755,TRUE,5
2022,20,401391759,TRUE,2
2022,20,401391763,TRUE,2
2022,20,401391768,TRUE,3
2022,20,401391774,TRUE,12
2022,20,401391781,TRUE,5
2022,20,401391788,TRUE,1
2022,20,401391797,TRUE,3
2022,20,401391801,TRUE,3
2022,20,401391804,TRUE,7
2022,20,401391808,TRUE,2
2022,20,401391816,TRUE,2
2022,20,401391818,TRUE,2
2022,20,401391825,TRUE,1
2022,20,401391835,TRUE,11
2022,20,401391840,TRUE,3
2022,20,401391847,TRUE,2
2022,20,401391850,TRUE,9
2022,20,401391857,TRUE,7
2022,20,401391861,TRUE,2
2023,3,401507135,TRUE,2
2023,3,401507144,TRUE,11
2023,3,401507148,TRUE,5
2023,3,401507152,TRUE,2
2023,3,401507155,TRUE,5
2023,3,401507161,TRUE,5
2023,3,401507168,TRUE,2
2023,3,401507171,TRUE,2
2023,3,401507175,TRUE,6
2023,3,401507190,TRUE,6
2023,3,401507196,TRUE,4
2023,3,401507204,TRUE,3
2023,3,401507209,TRUE,6
2023,3,401507213,TRUE,8
2023,3,401507225,TRUE,8
2023,3,401507229,TRUE,10
2023,3,401507234,TRUE,7
2023,3,401507238,TRUE,5
2023,3,401507246,TRUE,6
2023,3,401507252,TRUE,5
2023,3,401507260,TRUE,11
2023,3,401507267,TRUE,4
2023,3,401507273,TRUE,10
2023,3,401507278,TRUE,4
2023,3,401507284,TRUE,1
2023,3,401507288,TRUE,6
2023,3,401507294,TRUE,4
2023,3,401507298,TRUE,9
2023,3,401507306,TRUE,7
2023,3,401507312,TRUE,8
2023,3,401507318,TRUE,14
2023,3,401507325,TRUE,9
2023,3,401507330,TRUE,7
2023,3,401507336,TRUE,5
2023,3,401507345,TRUE,8
2023,3,401507350,TRUE,7
2023,3,401507355,TRUE,8
2023,3,401507362,TRUE,8
2023,3,401507364,TRUE,6
2023,3,401578552,TRUE,6
2023,3,401578556,TRUE,10
2023,3,401578562,TRUE,2
2023,3,401578564,TRUE,4
2023,3,401578566,TRUE,1
2023,5,401507130,TRUE,3
2023,5,401507137,TRUE,2
2023,5,401507147,TRUE,7
2023,5,401507151,TRUE,6
2023,5,401507163,TRUE,11
2023,5,401507165,TRUE,6
2023,5,401507178,TRUE,7
2023,5,401507181,TRUE,9
2023,5,401507186,TRUE,9
2023,5,401507193,TRUE,6
2023,5,401507202,TRUE,3
2023,5,401507205,TRUE,5
2023,5,401507210,TRUE,2
2023,5,401507217,TRUE,1
2023,5,401507224,TRUE,8
2023,5,401507228,TRUE,7
2023,5,401507232,TRUE,6
2023,5,401507238,TRUE,7
2023,5,401507244,TRUE,6
2023,5,401507251,TRUE,5
2023,5,401507262,TRUE,6
2023,5,401507268,TRUE,9
2023,5,401507270,TRUE,2
2023,5,401507276,TRUE,5
2023,5,401507281,TRUE,2
2023,5,401507286,TRUE,4
2023,5,401507291,TRUE,3
2023,5,401507296,TRUE,5
2023,5,401507300,TRUE,6
2023,5,401507309,TRUE,1
2023,5,401507313,TRUE,5
2023,5,401507320,TRUE,7
2023,5,401507328,TRUE,6
2023,5,401507335,TRUE,8
2023,5,401507345,TRUE,9
2023,5,401507350,TRUE,7
2023,5,401507354,TRUE,6
2023,5,401507359,TRUE,1
2023,5,401507366,TRUE,11
2023,6,401507133,TRUE,5
2023,6,401507141,TRUE,6
2023,6,401507146,TRUE,5
2023,6,401507158,TRUE,7
2023,6,401507160,TRUE,5
2023,6,401507166,TRUE,2
2023,6,401507180,TRUE,2
2023,6,401507184,TRUE,7
2023,6,401507194,TRUE,5
2023,6,401507197,TRUE,2
2023,6,401507204,TRUE,1
2023,6,401507209,TRUE,10
2023,6,401507214,TRUE,3
2023,6,401507220,TRUE,6
2023,6,401507223,TRUE,3
2023,6,401507230,TRUE,5
2023,6,401507239,TRUE,4
2023,6,401507248,TRUE,2
2023,6,401507254,TRUE,8
2023,6,401507260,TRUE,12
2023,6,401507268,TRUE,6
2023,6,401507270,TRUE,4
2023,6,401507279,TRUE,9
2023,6,401507283,TRUE,4
2023,6,401507287,TRUE,3
2023,6,401507293,TRUE,5
2023,6,401507296,TRUE,6
2023,6,401507305,TRUE,6
2023,6,401507317,TRUE,6
2023,6,401507326,TRUE,12
2023,6,401507331,TRUE,6
2023,6,401507334,TRUE,3
2023,6,401507341,TRUE,3
2023,6,401507344,TRUE,2
2023,6,401507352,TRUE,2
2023,6,401507353,TRUE,6
2023,6,401507358,TRUE,4
2023,6,401507369,TRUE,6
2023,8,401507132,TRUE,1
2023,8,401507140,TRUE,4
2023,8,401507142,TRUE,2
2023,8,401507149,TRUE,1
2023,8,401507152,TRUE,5
2023,8,401507154,TRUE,2
2023,8,401507159,TRUE,7
2023,8,401507172,TRUE,1
2023,8,401507180,TRUE,6
2023,8,401507189,TRUE,6
2023,8,401507195,TRUE,1
2023,8,401507197,TRUE,4
2023,8,401507212,TRUE,15
2023,8,401507218,TRUE,5
2023,8,401507222,TRUE,8
2023,8,401507228,TRUE,1
2023,8,401507235,TRUE,5
2023,8,401507240,TRUE,5
2023,8,401507246,TRUE,3
2023,8,401507249,TRUE,4
2023,8,401507254,TRUE,8
2023,8,401507261,TRUE,2
2023,8,401507269,TRUE,5
2023,8,401507274,TRUE,10
2023,8,401507280,TRUE,2
2023,8,401507289,TRUE,3
2023,8,401507297,TRUE,10
2023,8,401507300,TRUE,4
2023,8,401507316,TRUE,7
2023,8,401507321,TRUE,1
2023,8,401507325,TRUE,8
2023,8,401507330,TRUE,6
2023,8,401507333,TRUE,2
2023,8,401507347,TRUE,4
2023,8,401507351,TRUE,4
2023,8,401507361,TRUE,4
2023,8,401507366,TRUE,1
2023,8,401558197,TRUE,6
2023,8,401578549,TRUE,4
2023,8,401578553,TRUE,4
2023,8,401578557,TRUE,4
2023,9,401507131,TRUE,6
2023,9,401507137,TRUE,11
2023,9,401507145,TRUE,5
2023,9,401507153,TRUE,8
2023,9,401507157,TRUE,6
2023,9,401507162,TRUE,8
2023,9,401507170,TRUE,4
2023,9,401507175,TRUE,13
2023,9,401507182,TRUE,5
2023,9,401507191,TRUE,10
2023,9,401507203,TRUE,7
2023,9,401507208,TRUE,5
2023,9,401507211,TRUE,8
2023,9,401507216,TRUE,5
2023,9,401507226,TRUE,7
2023,9,401507227,TRUE,13
2023,9,401507236,TRUE,4
2023,9,401507244,TRUE,2
2023,9,401507252,TRUE,5
2023,9,401507257,TRUE,7
2023,9,401507262,TRUE,14
2023,9,401507265,TRUE,1
2023,9,401507271,TRUE,9
2023,9,401507279,TRUE,6
2023,9,401507283,TRUE,5
2023,9,401507289,TRUE,2
2023,9,401507292,TRUE,11
2023,9,401507303,TRUE,10
2023,9,401507309,TRUE,9
2023,9,401507311,TRUE,3
2023,9,401507315,TRUE,5
2023,9,401507327,TRUE,3
2023,9,401507333,TRUE,15
2023,9,401507338,TRUE,8
2023,9,401507346,TRUE,7
2023,9,401507349,TRUE,5
2023,9,401507355,TRUE,6
2023,9,401507358,TRUE,13
2023,9,401507367,TRUE,3
2023,9,401507376,TRUE,3
2023,9,401558197,TRUE,5
2023,9,401578551,TRUE,3
2023,9,401578555,TRUE,4
2023,9,401578561,TRUE,4
2023,9,401578563,TRUE,4
2023,9,401578565,TRUE,15
2023,9,401578567,TRUE,4
2023,9,401578571,TRUE,3
2023,9,401578572,TRUE,4
2023,9,401578573,TRUE,12
2023,9,401578574,TRUE,1
2023,11,401507133,TRUE,1
2023,11,401507138,TRUE,1
2023,11,401507142,TRUE,8
2023,11,401507158,TRUE,9
2023,11,401507168,TRUE,5
2023,11,401507171,TRUE,9
2023,11,401507178,TRUE,7
2023,11,401507183,TRUE,4
2023,11,401507188,TRUE,2
2023,11,401507191,TRUE,5
2023,11,401507199,TRUE,4
2023,11,401507206,TRUE,4
2023,11,401507213,TRUE,2
2023,11,401507217,TRUE,11
2023,11,401507222,TRUE,11
2023,11,401507227,TRUE,6
2023,11,401507235,TRUE,3
2023,11,401507239,TRUE,7
2023,11,401507243,TRUE,4
2023,11,401507250,TRUE,5
2023,11,401507255,TRUE,4
2023,11,401507263,TRUE,2
2023,11,401507264,TRUE,2
2023,11,401507277,TRUE,7
2023,11,401507281,TRUE,4
2023,11,401507285,TRUE,2
2023,11,401507290,TRUE,9
2023,11,401507299,TRUE,7
2023,11,401507301,TRUE,12
2023,11,401507308,TRUE,5
2023,11,401507315,TRUE,1
2023,11,401507320,TRUE,1
2023,11,401507326,TRUE,2
2023,11,401507336,TRUE,6
2023,11,401507339,TRUE,11
2023,11,401507342,TRUE,7
2023,11,401507351,TRUE,2
2023,11,401507356,TRUE,3
2023,11,401507368,TRUE,4
2023,14,401507134,TRUE,1
2023,14,401507144,TRUE,3
2023,14,401507153,TRUE,1
2023,14,401507160,TRUE,7
2023,14,401507166,TRUE,2
2023,14,401507174,TRUE,4
2023,14,401507179,TRUE,6
2023,14,401507183,TRUE,8
2023,14,401507187,TRUE,1
2023,14,401507190,TRUE,9
2023,14,401507198,TRUE,7
2023,14,401507202,TRUE,2
2023,14,401507206,TRUE,6
2023,14,401507212,TRUE,3
2023,14,401507218,TRUE,3
2023,14,401507226,TRUE,1
2023,14,401507231,TRUE,5
2023,14,401507236,TRUE,2
2023,14,401507242,TRUE,3
2023,14,401507247,TRUE,2
2023,14,401507256,TRUE,2
2023,14,401507259,TRUE,4
2023,14,401507265,TRUE,6
2023,14,401507272,TRUE,5
2023,14,401507276,TRUE,8
2023,14,401507284,TRUE,4
2023,14,401507290,TRUE,3
2023,14,401507295,TRUE,5
2023,14,401507302,TRUE,1
2023,14,401507308,TRUE,12
2023,14,401507316,TRUE,3
2023,14,401507321,TRUE,7
2023,14,401507324,TRUE,1
2023,14,401507328,TRUE,5
2023,14,401507337,TRUE,9
2023,14,401507344,TRUE,2
2023,14,401507348,TRUE,2
2023,14,401507362,TRUE,3
2023,14,401507369,TRUE,8
2023,16,401507131,TRUE,6
2023,16,401507136,TRUE,4
2023,16,401507139,TRUE,2
2023,16,401507155,TRUE,2
2023,16,401507159,TRUE,3
2023,16,401507174,TRUE,3
2023,16,401507179,TRUE,3
2023,16,401507181,TRUE,5
2023,16,401507188,TRUE,4
2023,16,401507192,TRUE,1
2023,16,401507200,TRUE,4
2023,16,401507208,TRUE,6
2023,16,401507215,TRUE,9
2023,16,401507219,TRUE,9
2023,16,401507225,TRUE,1
2023,16,401507232,TRUE,5
2023,16,401507237,TRUE,13
2023,16,401507242,TRUE,7
2023,16,401507251,TRUE,4
2023,16,401507257,TRUE,3
2023,16,401507263,TRUE,3
2023,16,401507269,TRUE,12
2023,16,401507275,TRUE,3
2023,16,401507287,TRUE,7
2023,16,401507293,TRUE,6
2023,16,401507299,TRUE,3
2023,16,401507304,TRUE,4
2023,16,401507307,TRUE,7
2023,16,401507313,TRUE,2
2023,16,401507318,TRUE,4
2023,16,401507323,TRUE,1
2023,16,401507332,TRUE,5
2023,16,401507340,TRUE,6
2023,16,401507343,TRUE,3
2023,16,401507352,TRUE,2
2023,16,401507356,TRUE,8
2023,16,401507360,TRUE,4
2023,16,401507367,TRUE,4
2023,16,401578551,TRUE,3
2023,16,401578555,TRUE,6
2023,17,401507134,TRUE,14
2023,17,401507141,TRUE,4
2023,17,401507146,TRUE,3
2023,17,401507149,TRUE,3
2023,17,401507156,TRUE,3
2023,17,401507163,TRUE,5
2023,17,401507164,TRUE,5
2023,17,401507169,TRUE,3
2023,17,401507176,TRUE,12
2023,17,401507187,TRUE,12
2023,17,401507195,TRUE,4
2023,17,401507199,TRUE,8
2023,17,401507205,TRUE,9
2023,17,401507210,TRUE,3
2023,17,401507216,TRUE,8
2023,17,401507221,TRUE,9
2023,17,401507229,TRUE,2
2023,17,401507234,TRUE,3
2023,17,401507240,TRUE,16
2023,17,401507243,TRUE,12
2023,17,401507248,TRUE,11
2023,17,401507256,TRUE,9
2023,17,401507261,TRUE,9
2023,17,401507266,TRUE,3
2023,17,401507278,TRUE,6
2023,17,401507282,TRUE,7
2023,17,401507292,TRUE,2
2023,17,401507298,TRUE,10
2023,17,401507304,TRUE,10
2023,17,401507310,TRUE,10
2023,17,401507311,TRUE,7
2023,17,401507317,TRUE,3
2023,17,401507322,TRUE,11
2023,17,401507329,TRUE,10
2023,17,401507332,TRUE,3
2023,17,401507338,TRUE,6
2023,17,401507343,TRUE,5
2023,17,401507348,TRUE,3
2023,17,401507363,TRUE,15
2023,17,401507368,TRUE,12
2023,17,401578550,TRUE,5
2023,17,401578554,TRUE,10
2023,17,401578562,TRUE,9
2023,17,401578564,TRUE,7
2023,17,401578566,TRUE,4
2023,17,401578571,TRUE,5
2023,17,401578572,TRUE,11
2023,17,401578573,TRUE,1
2023,17,401578574,TRUE,6
2023,18,401507130,TRUE,3
2023,18,401507136,TRUE,6
2023,18,401507139,TRUE,2
2023,18,401507145,TRUE,4
2023,18,401507151,TRUE,4
2023,18,401507154,TRUE,5
2023,18,401507161,TRUE,4
2023,18,401507164,TRUE,5
2023,18,401507169,TRUE,8
2023,18,401507177,TRUE,5
2023,18,401507185,TRUE,6
2023,18,401507194,TRUE,5
2023,18,401507198,TRUE,10
2023,18,401507201,TRUE,4
2023,18,401507207,TRUE,11
2023,18,401507211,TRUE,5
2023,18,401507221,TRUE,7
2023,18,401507231,TRUE,17
2023,18,401507237,TRUE,9
2023,18,401507245,TRUE,9
2023,18,401507250,TRUE,3
2023,18,401507253,TRUE,1
2023,18,401507258,TRUE,8
2023,18,401507267,TRUE,2
2023,18,401507274,TRUE,3
2023,18,401507280,TRUE,7
2023,18,401507286,TRUE,6
2023,18,401507295,TRUE,6
2023,18,401507301,TRUE,5
2023,18,401507306,TRUE,5
2023,18,401507312,TRUE,5
2023,18,401507319,TRUE,5
2023,18,401507323,TRUE,5
2023,18,401507327,TRUE,8
2023,18,401507334,TRUE,5
2023,18,401507342,TRUE,6
2023,18,401507346,TRUE,1
2023,18,401507353,TRUE,12
2023,18,401507359,TRUE,6
2023,18,401507365,TRUE,7
2023,18,401578549,TRUE,5
2023,18,401578553,TRUE,7
2023,18,401578557,TRUE,13
2023,18,401578561,TRUE,9
2023,18,401578563,TRUE,2
2023,18,401578565,TRUE,3
2023,18,401578567,TRUE,4
2023,19,401507132,TRUE,9
2023,19,401507138,TRUE,3
2023,19,401507143,TRUE,6
2023,19,401507148,TRUE,4
2023,19,401507150,TRUE,3
2023,19,401507157,TRUE,4
2023,19,401507162,TRUE,8
2023,19,401507165,TRUE,5
2023,19,401507173,TRUE,1
2023,19,401507176,TRUE,3
2023,19,401507186,TRUE,9
2023,19,401507192,TRUE,4
2023,19,401507200,TRUE,4
2023,19,401507207,TRUE,8
2023,19,401507214,TRUE,8
2023,19,401507220,TRUE,15
2023,19,401507224,TRUE,9
2023,19,401507233,TRUE,6
2023,19,401507241,TRUE,3
2023,19,401507245,TRUE,2
2023,19,401507255,TRUE,3
2023,19,401507259,TRUE,5
2023,19,401507266,TRUE,3
2023,19,401507272,TRUE,7
2023,19,401507277,TRUE,13
2023,19,401507288,TRUE,9
2023,19,401507294,TRUE,10
2023,19,401507297,TRUE,4
2023,19,401507303,TRUE,4
2023,19,401507307,TRUE,1
2023,19,401507314,TRUE,6
2023,19,401507319,TRUE,5
2023,19,401507324,TRUE,13
2023,19,401507329,TRUE,4
2023,19,401507337,TRUE,2
2023,19,401507341,TRUE,3
2023,19,401507349,TRUE,2
2023,19,401507354,TRUE,9
2023,19,401507361,TRUE,8
2023,19,401507365,TRUE,12
2023,19,401578550,TRUE,1
2023,19,401578554,TRUE,5
2023,20,401507135,TRUE,6
2023,20,401507140,TRUE,5
2023,20,401507147,TRUE,3
2023,20,401507150,TRUE,7
2023,20,401507156,TRUE,9
2023,20,401507170,TRUE,10
2023,20,401507177,TRUE,1
2023,20,401507182,TRUE,2
2023,20,401507185,TRUE,7
2023,20,401507193,TRUE,8
2023,20,401507196,TRUE,2
2023,20,401507203,TRUE,2
2023,20,401507215,TRUE,4
2023,20,401507219,TRUE,3
2023,20,401507223,TRUE,13
2023,20,401507230,TRUE,9
2023,20,401507233,TRUE,6
2023,20,401507241,TRUE,7
2023,20,401507247,TRUE,5
2023,20,401507249,TRUE,7
2023,20,401507253,TRUE,3
2023,20,401507258,TRUE,2
2023,20,401507264,TRUE,5
2023,20,401507271,TRUE,5
2023,20,401507275,TRUE,3
2023,20,401507282,TRUE,2
2023,20,401507285,TRUE,3
2023,20,401507291,TRUE,2
2023,20,401507305,TRUE,4
2023,20,401507310,TRUE,2
2023,20,401507314,TRUE,5
2023,20,401507322,TRUE,8
2023,20,401507331,TRUE,9
2023,20,401507335,TRUE,4
2023,20,401507339,TRUE,10
2023,20,401507347,TRUE,2
2023,20,401507357,TRUE,3
2023,20,401507360,TRUE,2
2023,20,401507364,TRUE,1
2023,20,401578552,TRUE,6
2023,20,401578556,TRUE,3
2024,3,401620222,TRUE,8
2024,3,401620229,TRUE,2
2024,3,401620234,TRUE,3
2024,3,401620246,TRUE,7
2024,3,401620248,TRUE,3
2024,3,401620258,TRUE,8
2024,3,401620264,TRUE,5
2024,3,401620269,TRUE,4
2024,3,401620289,TRUE,7
2024,3,401620293,TRUE,2
2024,3,401620298,TRUE,8
2024,3,401620304,TRUE,1
2024,3,401620308,TRUE,4
2024,3,401620312,TRUE,3
2024,3,401620315,TRUE,12
2024,3,401620322,TRUE,7
2024,3,401620327,TRUE,5
2024,3,401620332,TRUE,7
2024,3,401620335,TRUE,6
2024,3,401620341,TRUE,8
2024,3,401620349,TRUE,10
2024,3,401620355,TRUE,5
2024,3,401620365,TRUE,9
2024,3,401620371,TRUE,4
2024,3,401620380,TRUE,4
2024,3,401620384,TRUE,3
2024,3,401620392,TRUE,5
2024,3,401620396,TRUE,5
2024,3,401620403,TRUE,12
2024,3,401620413,TRUE,10
2024,3,401620419,TRUE,9
2024,3,401620427,TRUE,5
2024,3,401620430,TRUE,8
2024,3,401620435,TRUE,2
2024,3,401620438,TRUE,5
2024,3,401620441,TRUE,14
2024,3,401620456,TRUE,8
2024,5,401620219,TRUE,3
2024,5,401620224,TRUE,4
2024,5,401620227,TRUE,3
2024,5,401620232,TRUE,8
2024,5,401620241,TRUE,3
2024,5,401620244,TRUE,4
2024,5,401620250,TRUE,1
2024,5,401620255,TRUE,2
2024,5,401620261,TRUE,5
2024,5,401620263,TRUE,1
2024,5,401620273,TRUE,5
2024,5,401620283,TRUE,1
2024,5,401620288,TRUE,3
2024,5,401620296,TRUE,5
2024,5,401620301,TRUE,4
2024,5,401620306,TRUE,11
2024,5,401620313,TRUE,8
2024,5,401620318,TRUE,6
2024,5,401620325,TRUE,7
2024,5,401620330,TRUE,3
2024,5,401620338,TRUE,7
2024,5,401620346,TRUE,3
2024,5,401620352,TRUE,14
2024,5,401620359,TRUE,1
2024,5,401620365,TRUE,9
2024,5,401620370,TRUE,5
2024,5,401620377,TRUE,9
2024,5,401620390,TRUE,9
2024,5,401620393,TRUE,4
2024,5,401620397,TRUE,7
2024,5,401620402,TRUE,4
2024,5,401620416,TRUE,8
2024,5,401620421,TRUE,5
2024,5,401620425,TRUE,10
2024,5,401620432,TRUE,3
2024,5,401620437,TRUE,6
2024,5,401620441,TRUE,7
2024,5,401620454,TRUE,11
2024,5,401721253,TRUE,1
2024,5,401721254,TRUE,8
2024,6,401620223,TRUE,5
2024,6,401620228,TRUE,7
2024,6,401620236,TRUE,8
2024,6,401620241,TRUE,3
2024,6,401620248,TRUE,5
2024,6,401620250,TRUE,6
2024,6,401620256,TRUE,2
2024,6,401620275,TRUE,5
2024,6,401620282,TRUE,9
2024,6,401620286,TRUE,1
2024,6,401620292,TRUE,3
2024,6,401620297,TRUE,4
2024,6,401620309,TRUE,4
2024,6,401620320,TRUE,5
2024,6,401620331,TRUE,6
2024,6,401620336,TRUE,1
2024,6,401620343,TRUE,2
2024,6,401620344,TRUE,2
2024,6,401620355,TRUE,11
2024,6,401620361,TRUE,7
2024,6,401620368,TRUE,1
2024,6,401620374,TRUE,4
2024,6,401620379,TRUE,1
2024,6,401620387,TRUE,5
2024,6,401620392,TRUE,16
2024,6,401620399,TRUE,10
2024,6,401620410,TRUE,4
2024,6,401620416,TRUE,2
2024,6,401620422,TRUE,5
2024,6,401620428,TRUE,3
2024,6,401620434,TRUE,2
2024,6,401620446,TRUE,7
2024,6,401620450,TRUE,1
2024,6,401620455,TRUE,9
2024,8,401620221,TRUE,7
2024,8,401620226,TRUE,1
2024,8,401620238,TRUE,8
2024,8,401620247,TRUE,10
2024,8,401620254,TRUE,1
2024,8,401620260,TRUE,10
2024,8,401620264,TRUE,6
2024,8,401620270,TRUE,6
2024,8,401620276,TRUE,3
2024,8,401620281,TRUE,2
2024,8,401620285,TRUE,13
2024,8,401620292,TRUE,3
2024,8,401620298,TRUE,8
2024,8,401620302,TRUE,2
2024,8,401620315,TRUE,6
2024,8,401620324,TRUE,3
2024,8,401620328,TRUE,5
2024,8,401620333,TRUE,6
2024,8,401620339,TRUE,5
2024,8,401620344,TRUE,7
2024,8,401620353,TRUE,2
2024,8,401620364,TRUE,1
2024,8,401620372,TRUE,18
2024,8,401620383,TRUE,13
2024,8,401620388,TRUE,6
2024,8,401620390,TRUE,9
2024,8,401620400,TRUE,2
2024,8,401620403,TRUE,1
2024,8,401620421,TRUE,5
2024,8,401620424,TRUE,3
2024,8,401620429,TRUE,7
2024,8,401620439,TRUE,6
2024,8,401620442,TRUE,7
2024,8,401620447,TRUE,6
2024,8,401620455,TRUE,1
2024,8,401677672,TRUE,8
2024,8,401721261,TRUE,7
2024,8,401725075,TRUE,3
2024,8,401725076,TRUE,8
2024,8,401725077,TRUE,4
2024,8,401725078,TRUE,6
2024,8,401725079,TRUE,9
2024,8,401726988,TRUE,8
2024,8,401726989,TRUE,5
2024,8,401726990,TRUE,2
2024,8,401726991,TRUE,4
2024,9,401620178,TRUE,6
2024,9,401620224,TRUE,8
2024,9,401620227,TRUE,7
2024,9,401620233,TRUE,2
2024,9,401620252,TRUE,7
2024,9,401620259,TRUE,6
2024,9,401620263,TRUE,14
2024,9,401620267,TRUE,6
2024,9,401620272,TRUE,3
2024,9,401620277,TRUE,6
2024,9,401620279,TRUE,7
2024,9,401620294,TRUE,10
2024,9,401620300,TRUE,2
2024,9,401620309,TRUE,8
2024,9,401620311,TRUE,16
2024,9,401620323,TRUE,3
2024,9,401620328,TRUE,4
2024,9,401620338,TRUE,7
2024,9,401620345,TRUE,5
2024,9,401620350,TRUE,6
2024,9,401620354,TRUE,3
2024,9,401620362,TRUE,3
2024,9,401620368,TRUE,9
2024,9,401620373,TRUE,3
2024,9,401620380,TRUE,5
2024,9,401620384,TRUE,4
2024,9,401620389,TRUE,3
2024,9,401620394,TRUE,4
2024,9,401620399,TRUE,4
2024,9,401620405,TRUE,8
2024,9,401620417,TRUE,1
2024,9,401620426,TRUE,4
2024,9,401620430,TRUE,11
2024,9,401620435,TRUE,7
2024,9,401620442,TRUE,2
2024,9,401620448,TRUE,9
2024,9,401620453,TRUE,2
2024,9,401677672,TRUE,10
2024,9,401721255,TRUE,4
2024,9,401721258,TRUE,8
2024,9,401724938,TRUE,6
2024,9,401724939,TRUE,7
2024,9,401724940,TRUE,3
2024,9,401724941,TRUE,2
2024,9,401726988,TRUE,7
2024,9,401726989,TRUE,7
2024,9,401726990,TRUE,2
2024,9,401726991,TRUE,5
2024,11,401620220,TRUE,6
2024,11,401620230,TRUE,2
2024,11,401620235,TRUE,7
2024,11,401620246,TRUE,3
2024,11,401620252,TRUE,5
2024,11,401620260,TRUE,1
2024,11,401620265,TRUE,6
2024,11,401620268,TRUE,3
2024,11,401620276,TRUE,2
2024,11,401620290,TRUE,11
2024,11,401620295,TRUE,6
2024,11,401620300,TRUE,14
2024,11,401620310,TRUE,3
2024,11,401620320,TRUE,11
2024,11,401620325,TRUE,4
2024,11,401620326,TRUE,5
2024,11,401620332,TRUE,6
2024,11,401620343,TRUE,1
2024,11,401620349,TRUE,13
2024,11,401620352,TRUE,8
2024,11,401620356,TRUE,5
2024,11,401620360,TRUE,13
2024,11,401620366,TRUE,11
2024,11,401620370,TRUE,4
2024,11,401620378,TRUE,4
2024,11,401620382,TRUE,5
2024,11,401620385,TRUE,4
2024,11,401620394,TRUE,7
2024,11,401620411,TRUE,8
2024,11,401620415,TRUE,2
2024,11,401620418,TRUE,1
2024,11,401620423,TRUE,2
2024,11,401620440,TRUE,7
2024,11,401620444,TRUE,16
2024,11,401620450,TRUE,5
2024,11,401620457,TRUE,2
2024,11,401721261,TRUE,5
2024,14,401620221,TRUE,3
2024,14,401620226,TRUE,3
2024,14,401620231,TRUE,3
2024,14,401620233,TRUE,2
2024,14,401620245,TRUE,13
2024,14,401620251,TRUE,7
2024,14,401620255,TRUE,9
2024,14,401620268,TRUE,4
2024,14,401620274,TRUE,1
2024,14,401620281,TRUE,3
2024,14,401620286,TRUE,4
2024,14,401620289,TRUE,6
2024,14,401620295,TRUE,5
2024,14,401620318,TRUE,6
2024,14,401620322,TRUE,10
2024,14,401620327,TRUE,6
2024,14,401620337,TRUE,4
2024,14,401620342,TRUE,7
2024,14,401620353,TRUE,6
2024,14,401620358,TRUE,4
2024,14,401620361,TRUE,8
2024,14,401620369,TRUE,3
2024,14,401620377,TRUE,7
2024,14,401620381,TRUE,3
2024,14,401620395,TRUE,3
2024,14,401620401,TRUE,7
2024,14,401620405,TRUE,7
2024,14,401620407,TRUE,3
2024,14,401620417,TRUE,4
2024,14,401620423,TRUE,7
2024,14,401620434,TRUE,11
2024,14,401620438,TRUE,10
2024,14,401620446,TRUE,4
2024,14,401620451,TRUE,5
2024,14,401620457,TRUE,9
2024,14,401721256,TRUE,5
2024,14,401721262,TRUE,2
2024,16,401620178,TRUE,4
2024,16,401620225,TRUE,7
2024,16,401620231,TRUE,5
2024,16,401620236,TRUE,10
2024,16,401620245,TRUE,4
2024,16,401620259,TRUE,3
2024,16,401620266,TRUE,1
2024,16,401620271,TRUE,7
2024,16,401620273,TRUE,3
2024,16,401620279,TRUE,8
2024,16,401620284,TRUE,4
2024,16,401620291,TRUE,5
2024,16,401620301,TRUE,1
2024,16,401620308,TRUE,3
2024,16,401620312,TRUE,7
2024,16,401620316,TRUE,15
2024,16,401620321,TRUE,4
2024,16,401620331,TRUE,7
2024,16,401620334,TRUE,3
2024,16,401620339,TRUE,6
2024,16,401620346,TRUE,9
2024,16,401620357,TRUE,8
2024,16,401620360,TRUE,6
2024,16,401620372,TRUE,4
2024,16,401620381,TRUE,3
2024,16,401620387,TRUE,4
2024,16,401620395,TRUE,5
2024,16,401620398,TRUE,5
2024,16,401620406,TRUE,9
2024,16,401620413,TRUE,3
2024,16,401620418,TRUE,6
2024,16,401620424,TRUE,5
2024,16,401620436,TRUE,3
2024,16,401620443,TRUE,3
2024,16,401620448,TRUE,1
2024,16,401620454,TRUE,8
2024,17,401620220,TRUE,4
2024,17,401620228,TRUE,3
2024,17,401620235,TRUE,7
2024,17,401620244,TRUE,3
2024,17,401620254,TRUE,6
2024,17,401620269,TRUE,7
2024,17,401620274,TRUE,2
2024,17,401620282,TRUE,4
2024,17,401620285,TRUE,8
2024,17,401620290,TRUE,9
2024,17,401620294,TRUE,8
2024,17,401620317,TRUE,11
2024,17,401620321,TRUE,4
2024,17,401620330,TRUE,4
2024,17,401620334,TRUE,14
2024,17,401620336,TRUE,5
2024,17,401620341,TRUE,5
2024,17,401620351,TRUE,4
2024,17,401620357,TRUE,7
2024,17,401620373,TRUE,3
2024,17,401620383,TRUE,5
2024,17,401620388,TRUE,5
2024,17,401620391,TRUE,4
2024,17,401620396,TRUE,9
2024,17,401620404,TRUE,5
2024,17,401620411,TRUE,8
2024,17,401620414,TRUE,7
2024,17,401620420,TRUE,1
2024,17,401620426,TRUE,3
2024,17,401620432,TRUE,2
2024,17,401620437,TRUE,4
2024,17,401620445,TRUE,10
2024,17,401620451,TRUE,11
2024,17,401620456,TRUE,9
2024,17,401721256,TRUE,5
2024,17,401721262,TRUE,9
2024,17,401724938,TRUE,6
2024,17,401724939,TRUE,2
2024,17,401724940,TRUE,6
2024,17,401724941,TRUE,1
2024,18,401620219,TRUE,7
2024,18,401620225,TRUE,4
2024,18,401620232,TRUE,3
2024,18,401620238,TRUE,7
2024,18,401620243,TRUE,6
2024,18,401620249,TRUE,5
2024,18,401620258,TRUE,6
2024,18,401620262,TRUE,6
2024,18,401620266,TRUE,4
2024,18,401620277,TRUE,3
2024,18,401620283,TRUE,3
2024,18,401620287,TRUE,5
2024,18,401620293,TRUE,2
2024,18,401620316,TRUE,3
2024,18,401620326,TRUE,7
2024,18,401620333,TRUE,4
2024,18,401620340,TRUE,8
2024,18,401620345,TRUE,3
2024,18,401620356,TRUE,11
2024,18,401620362,TRUE,6
2024,18,401620371,TRUE,16
2024,18,401620375,TRUE,2
2024,18,401620379,TRUE,4
2024,18,401620386,TRUE,5
2024,18,401620389,TRUE,4
2024,18,401620397,TRUE,3
2024,18,401620406,TRUE,8
2024,18,401620407,TRUE,8
2024,18,401620420,TRUE,11
2024,18,401620428,TRUE,7
2024,18,401620440,TRUE,4
2024,18,401620445,TRUE,4
2024,18,401620447,TRUE,5
2024,18,401620452,TRUE,6
2024,18,401721253,TRUE,9
2024,18,401721254,TRUE,6
2024,18,401725075,TRUE,4
2024,18,401725076,TRUE,4
2024,18,401725077,TRUE,5
2024,18,401725078,TRUE,10
2024,18,401725079,TRUE,4
2024,19,401620222,TRUE,4
2024,19,401620229,TRUE,4
2024,19,401620243,TRUE,10
2024,19,401620251,TRUE,7
2024,19,401620256,TRUE,5
2024,19,401620261,TRUE,3
2024,19,401620267,TRUE,3
2024,19,401620271,TRUE,4
2024,19,401620278,TRUE,2
2024,19,401620287,TRUE,8
2024,19,401620291,TRUE,4
2024,19,401620296,TRUE,8
2024,19,401620304,TRUE,6
2024,19,401620313,TRUE,7
2024,19,401620317,TRUE,8
2024,19,401620324,TRUE,3
2024,19,401620329,TRUE,12
2024,19,401620337,TRUE,6
2024,19,401620342,TRUE,5
2024,19,401620350,TRUE,11
2024,19,401620354,TRUE,4
2024,19,401620366,TRUE,4
2024,19,401620374,TRUE,3
2024,19,401620378,TRUE,3
2024,19,401620386,TRUE,8
2024,19,401620391,TRUE,4
2024,19,401620398,TRUE,3
2024,19,401620402,TRUE,7
2024,19,401620414,TRUE,6
2024,19,401620422,TRUE,9
2024,19,401620427,TRUE,8
2024,19,401620439,TRUE,5
2024,19,401620444,TRUE,8
2024,19,401620449,TRUE,2
2024,19,401620452,TRUE,2
2024,20,401620223,TRUE,7
2024,20,401620230,TRUE,2
2024,20,401620234,TRUE,5
2024,20,401620247,TRUE,6
2024,20,401620272,TRUE,7
2024,20,401620284,TRUE,1
2024,20,401620288,TRUE,4
2024,20,401620297,TRUE,5
2024,20,401620302,TRUE,1
2024,20,401620306,TRUE,6
2024,20,401620311,TRUE,1
2024,20,401620319,TRUE,6
2024,20,401620323,TRUE,9
2024,20,401620329,TRUE,4
2024,20,401620335,TRUE,4
2024,20,401620340,TRUE,2
2024,20,401620351,TRUE,2
2024,20,401620358,TRUE,1
2024,20,401620364,TRUE,4
2024,20,401620369,TRUE,10
2024,20,401620375,TRUE,1
2024,20,401620382,TRUE,5
2024,20,401620385,TRUE,2
2024,20,401620393,TRUE,1
2024,20,401620401,TRUE,4
2024,20,401620404,TRUE,4
2024,20,401620410,TRUE,6
2024,20,401620415,TRUE,1
2024,20,401620419,TRUE,8
2024,20,401620425,TRUE,5
2024,20,401620429,TRUE,1
2024,20,401620436,TRUE,1
2024,20,401620443,TRUE,6
2024,20,401620449,TRUE,8
2024,20,401620453,TRUE,5
2024,20,401721255,TRUE,4
2024,20,401721258,TRUE,6
