team,year,season_type,team_id,team_sdr,team_slug,team_location,team_name,team_abbreviation,team_display_name,team_short_display_name,team_color,team_alternate_color,team_is_active,team_is_all_star,defensive_blocks,defensive_defensive_rebounds,defensive_steals,defensive_avg_defensive_rebounds,defensive_avg_blocks,defensive_avg_steals,defensive_avg48defensive_rebounds,defensive_avg48blocks,defensive_avg48steals,general_disqualifications,general_flagrant_fouls,general_fouls,general_ejections,general_technical_fouls,general_rebounds,general_avg_minutes,general_nba_rating,general_plus_minus,general_game_day_of_year,general_avg_rebounds,general_avg_fouls,general_avg_flagrant_fouls,general_avg_technical_fouls,general_avg_ejections,general_avg_disqualifications,general_assist_turnover_ratio,general_steal_foul_ratio,general_block_foul_ratio,general_avg_team_rebounds,general_total_rebounds,general_total_technical_fouls,general_team_assist_turnover_ratio,general_team_rebounds,general_steal_turnover_ratio,general_avg48rebounds,general_avg48fouls,general_avg48flagrant_fouls,general_avg48technical_fouls,general_avg48ejections,general_avg48disqualifications,general_games_played,general_games_started,general_double_double,general_triple_double,offensive_assists,offensive_field_goals,offensive_field_goals_attempted,offensive_field_goals_made,offensive_field_goal_pct,offensive_free_throws,offensive_free_throw_pct,offensive_free_throws_attempted,offensive_free_throws_made,offensive_offensive_rebounds,offensive_points,offensive_turnovers,offensive_three_point_pct,offensive_three_point_field_goals_attempted,offensive_three_point_field_goals_made,offensive_team_turnovers,offensive_total_turnovers,offensive_points_in_paint,offensive_brick_index,offensive_avg_field_goals_made,offensive_avg_field_goals_attempted,offensive_avg_three_point_field_goals_made,offensive_avg_three_point_field_goals_attempted,offensive_avg_free_throws_made,offensive_avg_free_throws_attempted,offensive_avg_points,offensive_avg_points_allowed,offensive_avg_offensive_rebounds,offensive_avg_assists,offensive_avg_turnovers,offensive_offensive_rebound_pct,offensive_estimated_possessions,offensive_avg_estimated_possessions,offensive_points_per_estimated_possessions,offensive_avg_team_turnovers,offensive_avg_total_turnovers,offensive_three_point_field_goal_pct,offensive_two_point_field_goals_made,offensive_two_point_field_goals_attempted,offensive_avg_two_point_field_goals_made,offensive_avg_two_point_field_goals_attempted,offensive_two_point_field_goal_pct,offensive_shooting_efficiency,offensive_scoring_efficiency,offensive_avg48field_goals_made,offensive_avg48field_goals_attempted,offensive_avg48three_point_field_goals_made,offensive_avg48three_point_field_goals_attempted,offensive_avg48free_throws_made,offensive_avg48free_throws_attempted,offensive_avg48points,offensive_avg48offensive_rebounds,offensive_avg48assists,offensive_avg48turnovers
3,2022,regular,3,2783,dallas-wings,Dallas,Wings,DAL,Dallas Wings,Wings,002b5c,c4d600,TRUE,FALSE,134,873,256,24.25,3.7222223,7.111111,0,0,0,4,3,676,0,0,1217,0,149.26527,-1,0,33.805557,18.777779,0.083333336,0,0,0.11111111,1.4857143,0.37869823,0.19822486,0,1217,74,1.8172044,0,0.5626374,0,0,0,0,0,0,36,0,0,0,676,0.434853,2456,1068,43.485,0.764391,76.439,747,571,344,2986,455,34.317,813,279,372,827,13930,0,29.666666,68.22222,7.75,22.583334,15.861111,20.75,82.94444,82.75,9.555555,18.777779,12.638889,0.24783862,3237.8,89.93889,0.92223114,10.333333,22.972222328186035,34.317344427108765,789,1643,21.916666,45.63889,48.021912574768066,0.49165308,1.215798,0,0,0,0,0,0,0,0,0,0
3,2022,postseason,3,2783,dallas-wings,Dallas,Wings,DAL,Dallas Wings,Wings,002b5c,c4d600,TRUE,FALSE,15,66,17,22,5,5.6666665,0,0,0,0,0,53,0,0,94,0,130.78334,-1,0,31.333334,17.666666,0,0,0,0,1.2619047,0.3207547,0.28301886,0,94,1,1.4722222,0,0.4047619,0,0,0,0,0,0,3,0,0,0,53,0.42487,193,82,42.487,0.704545,70.455,44,31,28,215,42,31.746,63,20,36,78,1224,0,27.333334,64.333336,6.6666665,21,10.333333,14.666667,71.666664,81.666664,9.333333,17.666666,14,0.25225225,260.6,86.86667,0.8250192,12,26,31.74603283405304,62,130,20.666666,43.333332,47.69230782985687,0.47668394,1.1139896,0,0,0,0,0,0,0,0,0,0
5,2022,regular,5,2785,indiana-fever,Indiana,Fever,IND,Indiana Fever,Fever,002d62,e03a3e,TRUE,FALSE,129,845,258,23.472221,3.5833333,7.1666665,0,0,0,3,4,719,0,0,1197,0,136.66667,-1,0,33.25,19.972221,0.11111111,0,0,0.083333336,1.1908257,0.3588317,0.17941585,0,1197,42,1.1672661,0,0.47339448,0,0,0,0,0,0,36,0,0,0,649,0.408727,2498,1021,40.873,0.746055,74.605,697,520,352,2807,545,33.84,724,245,556,1101,13660,0,28.36111,69.388885,6.8055553,20.11111,14.444445,19.36111,77.97222,89.05556,9.777778,18.027779,15.138889,0.23832092,3525.8,97.93889,0.7961314,15.444445,30.58333396911621,33.83978009223938,776,1774,21.555555,49.27778,43.74295473098755,0.4577662,1.123699,0,0,0,0,0,0,0,0,0,0
6,2022,regular,6,2786,los-angeles-sparks,Los Angeles,Sparks,LA,Los Angeles Sparks,Sparks,552583,fdb927,TRUE,FALSE,142,844,308,23.444445,3.9444444,8.555555,0,0,0,4,4,657,0,0,1094,0,144.02362,-1,0,30.38889,18.25,0.11111111,0,0,0.11111111,1.3682092,0.46879756,0.21613394,0,1094,103,1.9941349,0,0.6197183,0,0,0,0,0,0,36,0,0,0,680,0.445828,2409,1074,44.583,0.785714,78.571,658,517,250,2860,497,32.02,609,195,341,838,15448,0,29.833334,66.916664,5.4166665,16.916666,14.361111,18.277779,79.44444,86.55556,6.9444447,18.88889,13.805555,0.18726592,3260.2,90.56111,0.8772468,9.472222,23.277777671813965,32.01970458030701,879,1800,24.416666,50,48.83333444595337,0.48630136,1.1872146,0,0,0,0,0,0,0,0,0,0
8,2022,regular,8,2788,minnesota-lynx,Minnesota,Lynx,MIN,Minnesota Lynx,Lynx,266092,79bc43,TRUE,FALSE,102,1007,220,27.972221,2.8333333,6.111111,0,0,0,3,6,610,0,0,1330,0,152.70555,-1,0,36.944443,16.944445,0.16666667,0,0,0.083333336,1.4125475,0.36065573,0.16721311,0,1330,117,2.0870786,0,0.41825095,0,0,0,0,0,0,36,0,0,0,743,0.45029,2414,1087,45.029,0.783977,78.398,699,548,323,2968,526,34.795,707,246,356,882,14346,0,30.194445,67.05556,6.8333335,19.63889,15.222222,19.416666,82.44444,83.916664,8.972222,20.63889,14.611111,0.24340618,3252.6,90.350006,0.91250074,9.888889,24.5,34.79490876197815,841,1707,23.36111,47.416668,49.26772117614746,0.50124276,1.2294946,0,0,0,0,0,0,0,0,0,0
9,2022,regular,9,2789,new-york-liberty,New York,Liberty,NY,New York Liberty,Liberty,86cebc,000000,TRUE,FALSE,148,981,219,27.25,4.111111,6.0833335,0,0,0,7,1,656,0,0,1232,0,148.62361,-1,0,34.22222,18.222221,0.027777778,0,0,0.19444445,1.4136622,0.33384147,0.22560975,0,1232,46,1.9708995,0,0.41555977,0,0,0,0,0,0,36,0,0,0,745,0.431307,2402,1036,43.131,0.822551,82.255,541,445,251,2866,527,35.075,995,349,378,905,13586,0,28.777779,66.72222,9.694445,27.63889,12.361111,15.027778,79.611115,82,6.9722223,20.694445,14.638889,0.18374817,3272.4,90.899994,0.87580985,10.5,25.13888931274414,35.07537543773651,687,1407,19.083334,39.083332,48.82729351520538,0.50395507,1.1931723,0,0,0,0,0,0,0,0,0,0
9,2022,postseason,9,2789,new-york-liberty,New York,Liberty,NY,New York Liberty,Liberty,86cebc,000000,TRUE,FALSE,8,81,19,27,2.6666667,6.3333335,0,0,0,0,1,43,0,0,95,0,141.28334,-1,0,31.666666,14.333333,0.33333334,0,0,0,1.4878049,0.44186047,0.18604651,0,95,12,2.5416667,0,0.46341464,0,0,0,0,0,0,3,0,0,0,61,0.426471,204,87,42.647,0.902439,90.244,41,37,14,232,41,31.343,67,21,24,65,1248,0,29,68,7,22.333334,12.333333,13.666667,77.333336,93.666664,4.6666665,20.333334,13.666667,0.11965812,271.4,90.46667,0.85482687,8,21.666666984558105,31.343284249305725,66,137,22,45.666668,48.175182938575745,0.4779412,1.137255,0,0,0,0,0,0,0,0,0,0
11,2022,regular,11,2791,phoenix-mercury,Phoenix,Mercury,PHX,Phoenix Mercury,Mercury,3c286e,fa4b0a,TRUE,FALSE,163,876,267,24.333334,4.5277777,7.4166665,0,0,0,4,6,714,0,0,1122,0,147.28888,-1,0,31.166666,19.833334,0.16666667,0,0,0.11111111,1.44375,0.3739496,0.22829132,0,1122,98,1.7953368,0,0.55625,0,0,0,0,0,0,36,0,0,0,693,0.429228,2395,1028,42.923,0.816692,81.669,671,548,246,2920,480,32.882,961,316,386,866,13714,0,28.555555,66.52778,8.777778,26.694445,15.222222,18.63889,81.111115,84.111115,6.8333335,19.25,13.333333,0.17995611,3283.4,91.20555,0.88932204,10.722222,24.05555534362793,32.882413268089294,712,1434,19.777779,39.833332,49.65132474899292,0.49519834,1.2192067,0,0,0,0,0,0,0,0,0,0
11,2022,postseason,11,2791,phoenix-mercury,Phoenix,Mercury,PHX,Phoenix Mercury,Mercury,3c286e,fa4b0a,TRUE,FALSE,3,48,8,24,1.5,4,0,0,0,0,1,30,0,0,69,0,118.975,-1,0,34.5,15,0.5,0,0,0,1.4545455,0.26666668,0.1,0,69,0,1.6842105,0,0.36363637,0,0,0,0,0,0,2,0,0,0,32,0.385135,148,57,38.514,0.612903,61.29,31,19,21,143,22,24.39,41,10,19,41,644,0,28.5,74,5,20.5,9.5,15.5,71.5,98,10.5,16,11,0.23076923,180.4,90.2,0.79268295,9.5,20.5,24.390244483947754,47,107,23.5,53.5,43.92523467540741,0.4189189,0.9662162,0,0,0,0,0,0,0,0,0,0
14,2022,regular,14,2794,seattle-storm,Seattle,Storm,SEA,Seattle Storm,Storm,2c5235,fee11a,TRUE,FALSE,150,928,299,25.777779,4.1666665,8.305555,0,0,0,2,4,560,0,0,1208,0,158.16805,-1,0,33.555557,15.555555,0.11111111,0,0,0.055555556,1.7673913,0.5339286,0.26785713,0,1208,12,3.2261906,0,0.65,0,0,0,0,0,0,36,0,0,0,813,0.441889,2478,1095,44.189,0.824723,82.472,542,447,280,2970,460,36.117,922,333,252,712,13098,0,30.416666,68.833336,9.25,25.61111,12.416667,15.055555,82.5,78.388885,7.7777777,22.583334,12.777778,0.20245843,3126.8,86.85556,0.9498529,7,19.777777671813965,36.11713647842407,762,1556,21.166666,43.22222,48.97172152996063,0.5090799,1.1985472,0,0,0,0,0,0,0,0,0,0
14,2022,postseason,14,2794,seattle-storm,Seattle,Storm,SEA,Seattle Storm,Storm,2c5235,fee11a,TRUE,FALSE,25,160,31,26.666666,4.1666665,5.1666665,0,0,0,1,0,91,0,0,200,0,164.25,-1,0,33.333332,15.166667,0,0,0,0.16666667,2.66,0.34065935,0.2747253,0,200,11,2.509434,0,0.62,0,0,0,0,0,0,6,0,0,0,133,0.465394,419,195,46.539,0.795918,79.592,98,78,40,522,50,39.13,138,54,53,103,2202,0,32.5,69.833336,9,23,13,16.333334,87,87.5,6.6666665,22.166666,8.333333,0.17857143,521.2,86.86667,1.0015349,8.833333,17.16666603088379,39.13043439388275,141,281,23.5,46.833332,50.177937746047974,0.52983296,1.2458234,0,0,0,0,0,0,0,0,0,0
16,2022,regular,16,2796,washington-mystics,Washington,Mystics,WSH,Washington Mystics,Mystics,e03a3e,002b5c,TRUE,FALSE,133,968,274,26.88889,3.6944444,7.611111,0,0,0,3,3,572,0,0,1257,0,150.875,-1,0,34.916668,15.888889,0.083333336,0,0,0.083333336,1.5813448,0.47902098,0.23251748,0,1257,97,2.0306406,0,0.5943601,0,0,0,0,0,0,36,0,0,0,729,0.439035,2403,1055,43.903,0.783826,78.383,643,504,289,2888,461,33.785,811,274,359,820,13344,0,29.305555,66.75,7.611111,22.527779,14,17.86111,80.22222,75.861115,8.027778,20.25,12.805555,0.2143917,3191.2,88.64444,0.9049887,9.972222,22.777777671813965,33.78545045852661,781,1592,21.694445,44.22222,49.05778765678406,0.4960466,1.2018311,0,0,0,0,0,0,0,0,0,0
16,2022,postseason,16,2796,washington-mystics,Washington,Mystics,WSH,Washington Mystics,Mystics,e03a3e,002b5c,TRUE,FALSE,8,39,13,19.5,4,6.5,0,0,0,0,0,28,0,0,52,0,151.65,-1,0,26,14,0,0,0,0,2.05,0.4642857,0.2857143,0,52,0,1.1388888,0,0.65,0,0,0,0,0,0,2,0,0,0,41,0.465649,131,61,46.565,0.8,80,30,24,13,167,20,45.652,46,21,36,56,744,0,30.5,65.5,10.5,23,12,15,83.5,91.5,6.5,20.5,10,0.18571429,186,93,0.89784944,18,28,45.652174949645996,40,85,20,42.5,47.05882370471954,0.5458015,1.2748091,0,0,0,0,0,0,0,0,0,0
17,2022,regular,17,15431,las-vegas-aces,Las Vegas,Aces,LV,Las Vegas Aces,Aces,a7a8aa,000000,TRUE,FALSE,140,1023,276,28.416666,3.8888888,7.6666665,0,0,0,3,2,569,0,0,1272,0,168.19028,-1,0,35.333332,15.805555,0.055555556,0,0,0.083333336,1.87,0.48506153,0.2460457,0,1272,51,3.2663755,0,0.69,0,0,0,0,0,0,36,0,0,0,748,0.459866,2529,1163,45.987,0.823282,82.328,713,587,249,3256,400,36.067,951,343,229,629,13616,0,32.305557,70.25,9.527778,26.416666,16.305555,19.805555,90.44444,84.083336,6.9166665,20.777779,11.111111,0.18228404,3194.2,88.727776,1.0193475,6.361111,17.472221851348877,36.06729805469513,820,1578,22.777779,43.833332,51.9645094871521,0.5276789,1.2874655,0,0,0,0,0,0,0,0,0,0
17,2022,postseason,17,15431,las-vegas-aces,Las Vegas,Aces,LV,Las Vegas Aces,Aces,a7a8aa,000000,TRUE,FALSE,45,298,55,29.8,4.5,5.5,0,0,0,0,2,147,0,0,347,0,161.76,-1,0,34.7,14.7,0.2,0,0,0,1.815534,0.37414965,0.30612245,0,347,13,1.4384615,0,0.5339806,0,0,0,0,0,0,10,0,0,0,187,0.480122,654,314,48.012,0.832298,83.23,161,134,49,860,103,38.132,257,98,130,233,3648,0,31.4,65.4,9.8,25.7,13.4,16.1,86,79.3,4.9,18.7,10.3,0.14411765,902.4,90.240005,0.95301414,13,23.300000190734863,38.13229501247406,216,397,21.6,39.7,54.408061504364014,0.55504584,1.3149847,0,0,0,0,0,0,0,0,0,0
18,2022,regular,18,15432,connecticut-sun,Connecticut,Sun,CON,Connecticut Sun,Sun,f05023,0a2240,TRUE,FALSE,97,969,318,26.916666,2.6944444,8.833333,0,0,0,2,1,615,0,0,1336,0,160.82501,-1,0,37.11111,17.083334,0.027777778,0,0,0.055555556,1.4661509,0.51707315,0.15772358,0,1336,56,1.512974,0,0.61508703,0,0,0,0,0,0,36,0,0,0,758,0.461755,2484,1147,46.176,0.788811,78.881,715,564,367,3088,517,35.439,649,230,501,1018,15766,0,31.86111,69,6.388889,18.027779,15.666667,19.86111,85.77778,77.75,10.194445,21.055555,14.361111,0.27449512,3421,95.02778,0.90266,13.916667,28.277777671813965,35.43913662433624,917,1835,25.472221,50.97222,49.97275173664093,0.5080515,1.2431562,0,0,0,0,0,0,0,0,0,0
18,2022,postseason,18,15432,connecticut-sun,Connecticut,Sun,CON,Connecticut Sun,Sun,f05023,0a2240,TRUE,FALSE,43,348,89,29,3.5833333,7.4166665,0,0,0,0,1,190,0,0,465,0,153.9875,-1,0,38.75,15.833333,0.083333336,0,0,0,1.7655172,0.46842104,0.2263158,0,465,7,1.882353,0,0.6137931,0,0,0,0,0,0,12,0,0,0,256,0.444043,831,369,44.404,0.763547,76.355,203,155,117,949,145,34.146,164,56,136,281,5972,0,30.75,69.25,4.6666665,13.666667,12.916667,16.916666,79.083336,74,9.75,21.333334,12.083333,0.25324675,1076.2,89.68333,0.8818064,11.333333,23.41666603088379,34.14634168148041,313,667,26.083334,55.583332,46.92653715610504,0.47773767,1.1419976,0,0,0,0,0,0,0,0,0,0
19,2022,regular,19,47756,chicago-sky,Chicago,Sky,CHI,Chicago Sky,Sky,5091cd,ffd520,TRUE,FALSE,155,994,261,27.61111,4.3055553,7.25,0,0,0,3,3,584,0,0,1254,0,167.91528,-1,0,34.833332,16.222221,0.083333336,0,0,0.083333336,1.7656566,0.4469178,0.26541096,0,1254,35,2.2642486,0,0.5272727,0,0,0,0,0,0,36,0,0,0,874,0.481375,2443,1176,48.138,0.823038,82.304,599,493,260,3105,495,34.483,754,260,386,881,16250,0,32.666668,67.861115,7.2222223,20.944445,13.694445,16.63889,86.25,81.25,7.2222223,24.277779,13.75,0.20520915,3303.6,91.76667,0.9398837,10.722222,24.472222328186035,34.48275923728943,916,1689,25.444445,46.916668,54.23327684402466,0.53458863,1.2709783,0,0,0,0,0,0,0,0,0,0
19,2022,postseason,19,47756,chicago-sky,Chicago,Sky,CHI,Chicago Sky,Sky,5091cd,ffd520,TRUE,FALSE,48,221,73,27.625,6,9.125,0,0,0,0,0,117,0,0,272,0,159.43124,-1,0,34,14.625,0,0,0,0,2.0813954,0.62393165,0.41025642,0,272,3,3.58,0,0.8488372,0,0,0,0,0,0,8,0,0,0,179,0.440072,559,246,44.007,0.767442,76.744,129,99,51,648,86,30,190,57,50,136,3140,0,30.75,69.875,7.125,23.75,12.375,16.125,81,78.125,6.375,22.375,10.75,0.1629393,695.6,86.95,0.9315699,6.25,17,30.000001192092896,189,369,23.625,46.125,51.21951103210449,0.49105546,1.1592128,0,0,0,0,0,0,0,0,0,0
20,2022,regular,20,77967,atlanta-dream,Atlanta,Dream,ATL,Atlanta Dream,Dream,e31837,5091cc,TRUE,FALSE,112,966,280,26.833334,3.1111112,7.7777777,0,0,0,5,7,702,0,0,1277,0,141.0875,-1,0,35.47222,19.5,0.19444445,0,0,0.1388889,1.1532847,0.3988604,0.15954416,0,1277,119,1.7604457,0,0.5109489,0,0,0,0,0,0,36,0,0,0,632,0.420219,2463,1035,42.022,0.777244,77.724,624,485,311,2826,548,35.149,771,271,359,907,12242,0,28.75,68.416664,7.5277777,21.416666,13.472222,17.333334,78.5,81.5,8.638889,17.555555,15.222222,0.21778712,3308.6,91.905556,0.85413766,9.972222,25.19444465637207,35.14915704727173,764,1692,21.222221,47,45.15366554260254,0.47523347,1.1473812,0,0,0,0,0,0,0,0,0,0
3,2023,regular,3,2783,dallas-wings,Dallas,Wings,DAL,Dallas Wings,Wings,002b5c,c4d600,TRUE,FALSE,171,1076,303,26.9,4.275,7.575,0,0,0,6,4,754,0,0,1547,0,163.465,-1,0,38.675,18.85,0.1,0,0,0.15,1.5544933,0.40185675,0.22679046,0,1547,128,2.7938144,0,0.5793499,0,0,0,0,0,0,40,0,0,0,813,0.442584,2926,1295,44.258,0.806412,80.641,811,654,471,3514,523,31.653,853,270,291,814,18324,0,32.375,73.15,6.75,21.325,16.35,20.275,87.85,84.9,11.775,20.325,13.075,0.28877988,3593.4,89.835,0.97790396,7.275,20.34999990463257,31.652989983558655,1025,2073,25.625,51.825,49.445247650146484,0.48872182,1.200957,0,0,0,0,0,0,0,0,0,0
3,2023,postseason,3,2783,dallas-wings,Dallas,Wings,DAL,Dallas Wings,Wings,002b5c,c4d600,TRUE,FALSE,25,130,47,26,5,9.4,0,0,0,0,0,73,0,0,195,0,157.9,-1,0,39,14.6,0,0,0,0,1.5396825,0.6438356,0.34246576,0,195,0,3.2333333,0,0.74603176,0,0,0,0,0,0,5,0,0,0,97,0.425587,383,163,42.559,0.666667,66.667,87,58,65,423,63,34.513,113,39,30,93,2140,0,32.6,76.6,7.8,22.6,11.6,17.4,84.6,81.6,13,19.4,12.6,0.29545453,445.8,89.159996,0.948856,6,18.600000381469727,34.51327383518219,124,270,24.8,54,45.92592716217041,0.47650132,1.1044387,0,0,0,0,0,0,0,0,0,0
9,2023,regular,9,2789,new-york-liberty,New York,Liberty,NY,New York Liberty,Liberty,86cebc,000000,TRUE,FALSE,178,1168,266,29.2,4.45,6.65,0,0,0,2,8,640,0,0,1515,0,172.96126,-1,0,37.875,16,0.2,0,0,0.05,1.787037,0.415625,0.278125,0,1515,71,3.20598,0,0.4925926,0,0,0,0,0,0,40,0,0,0,965,0.459778,2797,1286,45.978,0.829085,82.909,667,553,347,3569,540,37.405,1187,444,301,841,15386,0,32.15,69.925,11.1,29.675,13.825,16.675,89.225,80.55,8.675,24.125,13.5,0.22964925,3557.8,88.945,1.003148,7.525,21.02500009536743,37.40522265434265,842,1610,21.05,40.25,52.298134565353394,0.5391491,1.27601,0,0,0,0,0,0,0,0,0,0
9,2023,postseason,9,2789,new-york-liberty,New York,Liberty,NY,New York Liberty,Liberty,86cebc,000000,TRUE,FALSE,62,268,51,26.8,6.2,5.1,0,0,0,0,0,139,0,0,367,0,154.84,-1,0,36.7,13.9,0,0,0,0,1.6949153,0.36690646,0.44604316,0,367,21,3.3333333,0,0.43220338,0,0,0,0,0,0,10,0,0,0,200,0.425952,709,302,42.595,0.78481,78.481,158,124,99,820,118,33.094,278,92,60,178,3500,0,30.2,70.9,9.2,27.8,12.4,15.8,82,82.6,9.9,20,11.8,0.24324325,851.2,85.12,0.9633458,6,17.800000190734863,33.09352397918701,210,431,21,43.1,48.72389733791351,0.49083215,1.1565585,0,0,0,0,0,0,0,0,0,0
14,2023,regular,14,2794,seattle-storm,Seattle,Storm,SEA,Seattle Storm,Storm,2c5235,fee11a,TRUE,FALSE,178,1067,279,26.675,4.45,6.975,0,0,0,3,5,717,0,0,1396,0,142.02126,-1,0,34.9,17.925,0.125,0,0,0.075,1.2214533,0.38912135,0.24825662,0,1396,106,1.6118722,0,0.48269895,0,0,0,0,0,0,40,0,0,0,706,0.40986,2718,1114,40.986,0.78629,78.629,744,585,329,3153,578,35.124,968,340,438,1016,14826,0,27.85,67.95,8.5,24.2,14.625,18.6,78.825,84.45,8.225,17.65,14.45,0.20511222,3702.6,92.565,0.85156375,10.95,25.399999618530273,35.12396812438965,774,1750,19.35,43.75,44.22857165336609,0.47240618,1.1600442,0,0,0,0,0,0,0,0,0,0
16,2023,regular,16,2796,washington-mystics,Washington,Mystics,WSH,Washington Mystics,Mystics,e03a3e,002b5c,TRUE,FALSE,130,1028,309,25.7,3.25,7.725,0,0,0,2,5,743,0,0,1291,0,146.47624,-1,0,32.275,18.575,0.125,0,0,0.05,1.5705521,0.41588157,0.17496635,0,1291,140,1.7142857,0,0.63190186,0,0,0,0,0,0,40,0,0,0,768,0.428307,2699,1156,42.831,0.822802,82.28,728,599,263,3221,489,33.586,923,310,448,937,14134,0,28.9,67.475,7.75,23.075,14.975,18.2,80.525,80.875,6.575,19.2,12.225,0.17044719,3664.2,91.604996,0.8790459,11.2,23.425000190734863,33.586132526397705,846,1776,21.15,44.4,47.63513505458832,0.48573545,1.1934049,0,0,0,0,0,0,0,0,0,0
16,2023,postseason,16,2796,washington-mystics,Washington,Mystics,WSH,Washington Mystics,Mystics,e03a3e,002b5c,TRUE,FALSE,9,53,16,26.5,4.5,8,0,0,0,0,0,40,0,0,75,0,153.025,-1,0,37.5,20,0,0,0,0,2.0952382,0.4,0.225,0,75,1,4,0,0.7619048,0,0,0,0,0,0,2,0,0,0,44,0.406452,155,63,40.645,0.75,75,28,21,22,160,21,27.083,48,13,11,32,924,0,31.5,77.5,6.5,24,10.5,14,80,90,11,22,10.5,0.23913044,176.2,88.1,0.90805906,5.5,16,27.08333432674408,50,107,25,53.5,46.72897160053253,0.4483871,1.032258,0,0,0,0,0,0,0,0,0,0
17,2023,regular,17,15431,las-vegas-aces,Las Vegas,Aces,LV,Las Vegas Aces,Aces,a7a8aa,000000,TRUE,FALSE,191,1147,322,28.675,4.775,8.05,0,0,0,2,5,638,0,0,1393,0,176.3425,-1,0,34.825,15.95,0.125,0,0,0.05,1.9505618,0.5047022,0.29937303,0,1393,45,3.3256705,0,0.7235955,0,0,0,0,0,0,40,0,0,0,868,0.485725,2767,1344,48.572,0.839538,83.954,779,654,246,3713,445,37.249,996,371,261,706,16192,0,33.6,69.175,9.275,24.9,16.35,19.475,92.825,80.275,6.15,21.7,11.125,0.17287421,3538.6,88.465004,1.049285,6.525,17.65000009536743,37.248995900154114,973,1771,24.325,44.275,54.940712451934814,0.5527647,1.3418865,0,0,0,0,0,0,0,0,0,0
17,2023,postseason,17,15431,las-vegas-aces,Las Vegas,Aces,LV,Las Vegas Aces,Aces,a7a8aa,000000,TRUE,FALSE,35,276,70,30.666666,3.8888888,7.7777777,0,0,0,0,0,126,0,0,345,0,164.29999,-1,0,38.333332,14,0,0,0,0,1.6415094,0.5555556,0.2777778,0,345,10,1.6730769,0,0.6603774,0,0,0,0,0,0,9,0,0,0,174,0.452769,614,278,45.277,0.891566,89.157,166,148,69,777,106,35.961,203,73,104,210,3414,0,30.88889,68.22222,8.111111,22.555555,16.444445,18.444445,86.333336,74.55556,7.6666665,19.333334,11.777778,0.20535715,821.4,91.26667,0.9459459,11.555555,23.333333015441895,35.960590839385986,205,411,22.777779,45.666668,49.87834692001343,0.51221496,1.2654723,0,0,0,0,0,0,0,0,0,0
18,2023,regular,18,15432,connecticut-sun,Connecticut,Sun,CON,Connecticut Sun,Sun,f05023,0a2240,TRUE,FALSE,152,1022,323,25.55,3.8,8.075,0,0,0,3,7,736,0,0,1344,0,153.62,-1,0,33.6,18.4,0.175,0,0,0.075,1.6619718,0.4388587,0.20652173,0,1344,90,1.424138,0,0.6498994,0,0,0,0,0,0,40,0,0,0,826,0.445018,2710,1206,44.502,0.765743,76.574,794,608,322,3307,497,35.965,798,287,580,1077,16862,0,30.15,67.75,7.175,19.95,15.2,19.85,82.675,78.975,8.05,20.65,12.425,0.21409574,3782.6,94.565,0.8742663,14.5,26.925000190734863,35.9649121761322,919,1912,22.975,47.8,48.0648547410965,0.4979705,1.2202952,0,0,0,0,0,0,0,0,0,0
18,2023,postseason,18,15432,connecticut-sun,Connecticut,Sun,CON,Connecticut Sun,Sun,f05023,0a2240,TRUE,FALSE,31,177,49,25.285715,4.428571,7,0,0,0,0,0,105,0,0,230,0,159.64285,-1,0,32.857143,15,0,0,0,0,2.3939395,0.46666667,0.2952381,0,230,1,1.1048951,0,0.74242425,0,0,0,0,0,0,7,0,0,0,158,0.461698,483,223,46.17,0.735632,73.563,87,64,53,575,66,41.139,158,65,143,209,2706,0,31.857143,69,9.285714,22.571428,9.142858,12.428572,82.14286,77.57143,7.571429,22.571428,9.428572,0.20384616,673.8,96.25714,0.85336894,20.428572,29.85714340209961,41.13923907279968,158,325,22.571428,46.42857,48.615384101867676,0.5289855,1.1904762,0,0,0,0,0,0,0,0,0,0
19,2023,regular,19,47756,chicago-sky,Chicago,Sky,CHI,Chicago Sky,Sky,5091cd,ffd520,TRUE,FALSE,181,990,267,24.75,4.525,6.675,0,0,0,1,3,691,0,0,1333,0,150.87125,-1,0,33.325,17.275,0.075,0,0,0.025,1.5204461,0.38639653,0.26193923,0,1333,64,1.911215,0,0.49628252,0,0,0,0,0,0,40,0,0,0,818,0.44161,2783,1229,44.161,0.751562,75.156,640,481,343,3269,538,37.162,888,330,428,966,16540,0,30.725,69.575,8.25,22.2,12.025,16,81.725,83.35,8.575,20.45,13.45,0.22072072,3662,91.55,0.8926816,10.7,24.149999618530273,37.162160873413086,899,1895,22.475,47.375,47.44063317775726,0.5008983,1.1746317,0,0,0,0,0,0,0,0,0,0
19,2023,postseason,19,47756,chicago-sky,Chicago,Sky,CHI,Chicago Sky,Sky,5091cd,ffd520,TRUE,FALSE,12,59,8,29.5,6,4,0,0,0,0,1,36,0,0,75,0,117.975,-1,0,37.5,18,0.5,0,0,0,1.0357143,0.22222222,0.33333334,0,75,0,0.65909094,0,0.2857143,0,0,0,0,0,0,2,0,0,0,29,0.357664,137,49,35.766,0.826087,82.609,23,19,16,129,28,27.907,43,12,44,72,572,0,24.5,68.5,6,21.5,9.5,11.5,64.5,89.5,8,14.5,14,0.18181819,202.2,101.1,0.6379822,22,36,27.906978130340576,37,94,18.5,47,39.361703395843506,0.40145984,0.94160587,0,0,0,0,0,0,0,0,0,0
20,2023,regular,20,77967,atlanta-dream,Atlanta,Dream,ATL,Atlanta Dream,Dream,e31837,5091cc,TRUE,FALSE,185,1123,251,28.075,4.625,6.275,0,0,0,5,3,772,0,0,1444,0,149.6375,-1,0,36.1,19.3,0.075,0,0,0.125,1.3658088,0.32512954,0.2396373,0,1444,130,1.6809955,0,0.46139705,0,0,0,0,0,0,40,0,0,0,743,0.427948,2748,1176,42.795,0.788155,78.815,878,692,321,3301,544,33.551,766,257,442,986,16336,0,29.4,68.7,6.425,19.15,17.3,21.95,82.525,84,8.025,18.575,13.6,0.20419848,3764.2,94.104996,0.876946,11.05,24.65000057220459,33.550915122032166,919,1982,22.975,49.55,46.367305517196655,0.47470888,1.2012373,0,0,0,0,0,0,0,0,0,0
20,2023,postseason,20,77967,atlanta-dream,Atlanta,Dream,ATL,Atlanta Dream,Dream,e31837,5091cc,TRUE,FALSE,7,46,15,23,3.5,7.5,0,0,0,0,0,32,0,0,60,0,128,-1,0,30,16,0,0,0,0,1,0.46875,0.21875,0,60,0,1.4545455,0,0.46875,0,0,0,0,0,0,2,0,0,0,32,0.388889,144,56,38.889,0.685714,68.571,35,24,14,156,32,42.553,47,20,22,54,662,0,28,72,10,23.5,12,17.5,78,97.5,7,16,16,0.1590909,198,99,0.7878788,11,27,42.553192377090454,36,97,18,48.5,37.11340129375458,0.45833334,1.0833334,0,0,0,0,0,0,0,0,0,0
